income,name_email_similarity,prev_address_months_count,current_address_months_count,customer_age,days_since_request,intended_balcon_amount,payment_type,zip_count_4w,velocity_6h,velocity_24h,velocity_4w,bank_branch_count_8w,date_of_birth_distinct_emails_4w,employment_status,credit_risk_score,email_is_free,housing_status,phone_home_valid,phone_mobile_valid,bank_months_count,has_other_cards,proposed_credit_limit,foreign_request,source,session_length_in_minutes,device_os,keep_alive_session,device_distinct_emails_8w,device_fraud_count,fraud_bool
0.8,0.0083449841084677,246,20,50,1.6835465594613312,-1.1246541881651246,AC,1701,8026.783034742246,4028.166096458167,5495.742740991277,0,8,CA,174,1,BA,0,1,-1,0,1500.0,1,INTERNET,8.277844583471017,linux,0,1,0,1
0.8,0.307850969455351,-1,125,30,0.0015211162732031,-0.3504475990237834,AC,1524,1618.7923289468756,5621.731872365772,5585.304188933534,0,12,CA,112,1,BC,0,1,-1,0,200.0,0,INTERNET,7.556648817109367,other,0,1,0,1
0.7000000000000001,0.9275759613373727,-1,40,30,0.0153044542082105,-1.4970965062432786,AD,840,2752.9475847127324,3857.2078702739673,5122.2949122154905,13,16,CA,345,1,BA,0,1,15,0,1500.0,0,INTERNET,7.9015254871154355,windows,0,1,0,1
0.4,0.0682582687870335,-1,40,20,0.0226293965045651,4.376636066242572,AB,2342,5655.869631981998,4344.772108607604,5418.11181419823,126,23,CA,70,1,BB,1,1,1,1,200.0,0,INTERNET,3.612037349492504,windows,1,1,0,0
0.9,0.0354393611385342,47,31,20,0.019613003180748,-0.8173324057287851,AC,358,6532.0312728154,6560.016058224619,5941.529853484208,0,8,CB,162,0,BB,0,0,-1,0,200.0,0,INTERNET,0.9271381407997212,other,0,1,0,0
0.7000000000000001,0.6547349243559459,-1,82,40,4.4949166833389286e-05,-0.429353935605534,AC,507,3565.589309353466,6678.28988345415,5519.722139084804,0,2,CB,62,1,BC,0,1,-1,0,200.0,0,INTERNET,3.208030066372748,linux,0,1,0,0
0.9,0.7614245374687003,-1,53,20,0.0048079277694545,32.97932074468251,AD,1784,7443.404307781329,5987.084929690564,4845.547623370425,437,11,CA,67,1,BA,0,1,25,1,200.0,0,INTERNET,3.131554092694813,other,0,1,0,1
0.9,0.6446977258811005,-1,41,30,0.0102063624360031,-1.11851279171666,AB,1092,4742.569155481246,4545.773337678364,5143.539135337705,17,16,CB,79,1,BB,1,0,1,0,200.0,1,INTERNET,6.366173585191432,linux,0,1,0,0
0.9,0.0443506956361628,-1,178,20,0.0275515359067462,-0.8675353374861452,AD,476,9366.540075765575,7324.579118512553,4230.233331730266,12,17,CA,175,0,BA,0,1,15,0,500.0,0,INTERNET,7.269873006732888,windows,0,1,0,0
0.9,0.2290005774620133,-1,59,30,0.0067490312231361,-1.1087969226982255,AB,1313,2237.880194784599,3974.781086220295,6381.626381457812,304,5,CA,114,1,BA,0,1,5,0,200.0,0,INTERNET,2.3072358986773214,other,0,1,0,1
0.9,0.1368225264521311,-1,217,20,0.0033590562931215,-0.4067347308274138,AB,1131,3653.6299699528695,5432.528262396579,4281.679331253616,0,2,CA,271,1,BA,1,1,1,0,2000.0,0,INTERNET,22.46094592269197,windows,0,1,0,1
0.9,0.662531639508094,-1,356,60,0.0052405997252525,51.286509744734936,AA,4171,872.358617840036,3968.9022276376936,4993.228948549194,237,16,CA,199,0,BA,1,1,18,0,1500.0,0,INTERNET,2.837564522980144,other,1,1,0,0
0.7000000000000001,0.1696993483615202,-1,67,50,0.0018026367104456,49.31105830033282,AA,3211,7448.207724663879,4983.02146069573,6392.656873157164,1,8,CA,174,1,BC,0,1,15,0,500.0,0,INTERNET,8.113073433702674,windows,1,1,0,0
0.3,0.4246002989036941,-1,199,20,0.0037721259120869,94.267197174574,AA,2971,5777.57300347534,4691.475048687362,5953.934629721777,1,11,CB,127,0,BA,0,0,30,0,500.0,0,INTERNET,19.97225799119744,windows,1,1,0,1
0.9,0.3058806601847556,-1,48,20,0.0053149707830366,-1.5960903447850183,AC,2371,6400.101900251419,5909.97958554625,6605.077276535407,0,15,CA,294,0,BC,0,1,-1,0,1500.0,0,INTERNET,9.7496558484547,other,1,1,0,0
0.6000000000000001,0.2370744942797889,-1,127,40,0.0562191282641106,-0.9874874915303544,AB,796,4481.715248568074,3570.0896920602368,4398.192552478574,1306,4,CA,137,0,BB,1,1,1,0,200.0,0,INTERNET,4.2177480691034575,other,1,1,0,0
0.9,0.2034361200878508,-1,233,60,0.0255639747531241,-1.3308812736920568,AD,991,5212.588585075388,4048.685625891477,4366.073450246888,1754,2,CA,344,1,BA,0,1,1,0,1500.0,0,INTERNET,15.062615450359347,windows,1,1,0,1
0.9,0.1144750518803731,11,10,20,0.0028570200351327,-1.4155393674385146,AD,921,7373.998409188777,4073.6985232076495,4257.396830283766,12,26,CA,76,1,BC,0,1,1,0,200.0,0,INTERNET,5.869537329729539,windows,0,1,0,0
0.7000000000000001,0.2686845955442537,-1,297,50,0.0395007825348575,-0.3816002739205088,AC,922,4920.775395052615,3613.918313583883,4960.5215396050535,0,6,CA,260,1,BB,0,1,-1,0,1500.0,0,INTERNET,7.939506944188478,x11,0,1,0,1
0.8,0.061883597354325,-1,208,20,0.023106888775562,-1.1601395465590274,AA,4295,4818.897964337812,4909.2012137546335,4777.784193076237,22,17,CA,133,1,BB,0,1,5,0,1500.0,0,INTERNET,7.256411055578201,windows,0,1,0,1
0.9,0.0084621952502705,-1,368,40,0.023250949530953,22.077997043915644,AD,1105,11179.8959452743,4091.258017179863,5536.937197273368,30,6,CB,136,1,BD,0,1,28,1,500.0,0,INTERNET,4.024412851059893,linux,0,1,0,0
0.1,0.9994507157233304,-1,111,50,26.67226636949232,-0.8896585674279177,AB,1389,8522.623775609072,7120.716356671052,5294.295819539652,11,3,CB,79,1,BB,0,1,31,0,200.0,0,INTERNET,12.834204564228289,windows,0,2,0,1
0.7000000000000001,0.90122440531906,-1,16,30,0.0326329822140236,-0.5598139982864361,AD,865,6273.228564855139,4885.550890447433,5145.9376731413895,9,10,CA,140,1,BC,0,1,21,0,500.0,0,INTERNET,7.4673094246879375,windows,0,1,0,0
0.2,0.0440829923912319,-1,56,30,0.0080437160977178,-1.4518809573180094,AB,968,433.9367979026024,2349.167470703737,3756.958636201046,9,15,CA,213,1,BC,0,1,9,0,1500.0,0,INTERNET,2.830765453400209,other,0,1,0,1
0.6000000000000001,0.6228749415680973,-1,65,20,0.0038773255576313,-1.1417252634870547,AB,695,1239.3399105663827,2425.995908651732,4340.830533212281,1,3,CA,110,1,BA,0,1,15,0,200.0,0,INTERNET,1.3526967808787411,windows,0,1,0,1
0.4,0.3459610637422751,-1,78,40,0.0084494498207639,-0.853282765045308,AA,1296,894.4625448469327,3229.7258737761967,4113.554306034751,1,9,CA,78,0,BB,0,1,20,0,200.0,0,INTERNET,6.49304935230266,other,1,1,0,1
0.7000000000000001,0.1867646941856353,-1,59,30,0.0137750390448457,-1.270116080466941,AD,1113,7399.932225906664,5220.757276545714,4832.288163740406,26,6,CB,143,1,BC,1,1,30,0,500.0,0,TELEAPP,4.738431686911624,other,0,0,0,1
0.9,0.7813221157615737,-1,91,20,0.0083806093320788,-0.9847276992881028,AD,874,1512.3161158758571,4534.465254895069,4160.1331863946425,1,6,CA,155,1,BE,0,1,21,0,200.0,0,INTERNET,4.393571656686759,other,0,1,0,1
0.8,0.3831009666971417,98,10,30,17.948696940537857,41.74843071235476,AA,838,4235.623388781378,1680.5111679478405,3776.472760124962,20,6,CA,75,0,BC,0,1,28,0,200.0,0,INTERNET,2.284391303918832,other,1,1,0,0
0.1,0.152876368705176,27,6,30,0.0059302082980474,-0.8236648229201579,AC,1019,1046.2059742232318,3252.5490215177747,5089.616444656816,1,10,CA,175,1,BB,1,1,28,1,500.0,0,INTERNET,5.528167601416532,linux,0,1,0,0
0.7000000000000001,0.7189085258690934,-1,65,30,14.317941107580705,99.68320589727035,AA,3566,10215.078661246484,5767.859195963763,6878.703205377228,12,8,CA,58,0,BC,0,1,19,0,200.0,0,INTERNET,5.651322318093348,other,1,1,0,1
0.6000000000000001,0.4326907889619178,-1,7,30,0.0009863397878113,-0.9045138760929758,AB,1580,7374.063838223897,4808.015788611581,4762.61109911418,17,3,CA,262,1,BA,0,1,22,0,1500.0,0,INTERNET,4.894112580812871,macintosh,0,1,0,1
0.9,0.4795113691473433,-1,128,40,0.0114645513446219,-1.3278043224128824,AC,831,1263.418323490915,2843.698381982645,3706.41752222126,1,9,CA,83,1,BC,0,1,-1,0,200.0,0,INTERNET,6.431930501629001,windows,0,1,0,1
0.9,0.0205475305169348,56,30,20,0.0001596530507112,-0.9332558022011715,AC,1722,11929.10823573936,7324.344979477745,5358.787334752905,14,12,CA,49,1,BC,0,1,29,0,200.0,0,INTERNET,9.235082719944296,linux,1,2,0,1
0.8,0.5206456582363506,24,6,20,7.694493617372196,-1.4809123897844514,AC,2758,7476.2046093870385,5096.450118915471,5276.6340349866205,1,8,CB,71,0,BC,1,0,-1,0,200.0,0,INTERNET,5.01015293863416,windows,1,1,0,0
0.1,0.9200185217402408,62,13,30,0.0187233943873737,50.296178515969686,AA,1103,3721.656125847069,2703.31468441704,4359.495202173095,2,4,CA,185,1,BB,1,0,-1,0,1500.0,0,INTERNET,20.36881426670169,linux,1,1,0,0
0.1,0.1702454549080207,-1,73,50,0.0388153492729442,-0.3243625432913809,AB,504,4747.867463628523,3448.748335051864,4247.420128450025,15,3,CA,166,1,BA,0,1,1,0,500.0,0,INTERNET,2.3095946749867537,windows,0,1,0,0
0.6000000000000001,0.9959511551189596,51,40,30,8.706115968426397,49.60097415334098,AA,1918,10381.372320347846,6535.384771802766,6726.867237147192,2,14,CB,61,0,BC,0,1,6,0,1500.0,0,INTERNET,6.037180221304366,other,1,1,0,0
0.8,0.8893635055552852,-1,76,40,0.0104200815539295,-1.1134637412119055,AB,1079,4022.763282063075,4414.128521400471,4410.008835674288,1322,5,CA,90,0,BB,1,1,20,1,200.0,0,INTERNET,5.369634186726967,linux,0,1,0,0
0.9,0.5936029196239355,-1,36,40,0.0179293416052433,-1.1730163348506883,AD,1932,9518.229722784778,4863.407483943272,6718.021508521721,32,12,CA,218,1,BC,0,1,24,0,1500.0,0,INTERNET,5.918715351201122,windows,1,1,0,1
0.9,0.4334762481983581,-1,68,50,0.0174158406124823,-0.8633843623866129,AD,4601,1558.6484876001816,3375.6451769145124,5106.314878227873,7,6,CA,253,1,BA,1,0,30,0,1500.0,0,INTERNET,2.3596950064501065,windows,0,1,0,1
0.9,0.6261969642361163,-1,65,30,0.0087995096129739,-0.9321336141690912,AB,1129,4686.595101566386,3378.1400832458044,4346.869661651626,92,8,CD,71,0,BE,1,1,1,0,200.0,0,TELEAPP,2.181475993862371,other,0,1,0,0
0.7000000000000001,0.1575085920698229,-1,12,30,0.0060922135937967,-1.196892941569368,AC,1849,1637.775406712852,4882.7626483589565,5560.49005530935,1,13,CA,76,1,BA,0,1,-1,0,200.0,0,INTERNET,4.4007490457727565,linux,0,2,0,1
0.8,0.0967463060058873,-1,368,50,0.0102337115205283,-0.4292451010722049,AB,1141,3084.376546287757,5322.503897171717,5652.798030382533,10,4,CA,32,0,BA,1,1,30,0,200.0,0,INTERNET,5.2547153894712935,windows,0,1,0,1
0.5,0.860983774406167,25,57,40,8.361762874704587,23.997509925913487,AC,913,8321.30976672211,4706.814230969397,5362.354874176885,3,9,CA,-38,1,BC,0,1,-1,1,200.0,0,INTERNET,19.91749108491652,other,1,1,0,0
0.6000000000000001,0.238732232480956,26,33,20,0.0227527625922756,-0.7771045870275479,AB,2585,1215.6529517180802,7027.2607215930775,5533.942027620994,13,12,CA,-1,1,BE,0,1,1,0,200.0,0,INTERNET,3.4406578190375137,other,1,1,0,0
0.3,0.1347325614525465,-1,67,60,0.0046053492034623,-1.394495842856268,AB,2011,5569.655185056928,3273.46172646993,5951.377130743665,39,2,CB,55,1,BB,1,1,30,0,200.0,0,INTERNET,17.15723217463586,other,0,0,0,1
0.9,0.0454480037761462,-1,369,60,0.0345078576685835,-1.545732453809488,AC,1481,9637.053036751118,5695.81651479825,4978.706899280493,0,6,CC,190,1,BA,1,1,-1,0,1500.0,0,INTERNET,8.330852314914756,windows,0,1,0,1
0.9,0.1011429308478566,98,9,40,0.0300326842857996,-1.562875372026102,AC,2378,2432.631993807164,5355.213856038408,6380.289935731427,1,5,CA,210,1,BC,0,1,-1,0,1500.0,0,INTERNET,6.7744163234883645,x11,1,1,0,0
0.5,0.3336830656360192,-1,361,70,0.0155257723616572,-1.6955242280605691,AD,2899,3345.483573319153,5528.078415095316,5335.60261238573,30,2,CA,239,1,BA,0,1,28,0,200.0,0,INTERNET,23.491286717227503,windows,0,1,0,1
0.7000000000000001,0.5712694436296685,-1,188,30,0.0247691863402284,-0.7646277028911979,AB,1244,15207.128772972934,8679.625616766556,5966.070475520836,724,15,CB,187,1,BC,1,1,30,0,1500.0,0,INTERNET,9.174405389798864,linux,1,1,0,0
0.5,0.9904920297424616,28,8,30,0.0077084449090448,-1.803503101419744,AB,1159,8654.440506136345,5069.866459707063,4996.221272251549,0,10,CA,148,1,BB,0,1,-1,0,200.0,0,INTERNET,5.966535717992612,windows,0,1,0,0
0.1,0.3428179599806074,-1,97,20,0.0018259726765563,-1.190539949810121,AC,554,3695.117487921949,3835.9300927389136,4092.395370333209,1,10,CA,184,1,BA,0,1,-1,0,500.0,0,INTERNET,5.245089029611659,windows,0,1,0,1
0.9,0.3371706172571163,-1,56,30,0.0037525827894888,-0.7405370803243391,AC,838,6326.6297563248745,4934.388558688357,4945.351181834988,0,10,CB,96,1,BC,0,1,-1,0,200.0,0,INTERNET,12.928619248035927,windows,1,1,0,0
0.3,0.5746905125706872,82,7,30,0.0166709603008858,-1.3678605182889614,AB,1725,1162.6339124389056,5499.306490891447,5160.516176630661,12,18,CA,53,1,BD,1,0,27,0,200.0,0,INTERNET,22.051978849577544,other,1,1,0,0
0.6000000000000001,0.6703760316011657,-1,298,20,0.039417900390797,-0.8269951910173616,AB,1028,4682.207431348036,4657.011143431088,5147.0436291424185,13,19,CA,228,1,BA,0,1,1,0,1500.0,1,INTERNET,12.98422081736111,windows,0,2,0,1
0.9,0.1622429626848762,-1,193,30,0.0254871975360294,-1.3458934466278665,AB,1144,1700.6513785423017,3582.6117237767244,4123.383373454638,12,7,CA,212,0,BA,0,1,1,0,1000.0,0,INTERNET,5.545119740744061,macintosh,0,1,0,0
0.3,0.0494457668655171,-1,276,60,0.0147977743719295,-1.4996966116552564,AC,1933,3294.286923048412,3016.204471591131,4067.7272741903166,1,4,CC,111,1,BA,0,1,-1,0,500.0,0,INTERNET,0.7527697213103932,windows,1,1,0,1
0.3,0.1348020276308733,47,5,20,0.040736645453945,-1.4587317953476098,AB,738,9807.126673554922,5106.655331372488,4302.2860920778885,11,19,CA,175,0,BC,0,1,2,0,1000.0,0,INTERNET,14.24863149369764,macintosh,1,1,0,0
0.9,0.049134006807169,-1,79,40,0.0068063204798052,-0.5181911095801888,AB,732,6806.650279412984,5060.157814773842,5094.152199025796,2,7,CA,270,1,BA,0,1,31,0,200.0,0,INTERNET,3.4879632365167783,linux,1,1,0,1
0.1,0.0592927683288505,-1,45,60,0.0265558378396329,-0.8670905077084996,AB,3193,4198.272289825011,3995.183461960333,5134.655945592389,862,4,CC,103,1,BB,1,1,30,1,200.0,0,INTERNET,5.691513965830546,linux,0,1,0,0
0.1,0.9880047107450473,-1,316,30,10.387120366631152,-0.7830482614304959,AB,2118,8080.335171917535,5600.230366526143,4912.433194750592,13,5,CA,194,1,BA,0,1,5,0,1000.0,0,INTERNET,13.3075557188089,windows,0,1,0,1
0.1,0.1607391725653731,-1,97,50,0.0220691772995154,-0.9366326928030207,AB,2925,4433.557153065443,2829.21296608794,4155.837295047324,37,1,CC,180,1,BC,0,1,24,0,1000.0,0,INTERNET,7.243227350986485,windows,0,1,0,1
0.9,0.3981621788070268,-1,74,20,0.016966215601088,-0.4380155597318771,AC,3948,6958.849276681041,4949.874382708799,6302.714856395562,1,14,CA,101,1,BC,0,1,-1,0,200.0,0,INTERNET,6.392686583332273,macintosh,0,1,0,1
0.8,0.0707141536760709,-1,79,30,0.0318188303320626,-1.0585117655096152,AC,3202,9813.291037269364,5361.014931626559,4810.241393358202,0,2,CA,180,1,BC,0,1,-1,0,500.0,0,INTERNET,4.004958862785096,windows,0,1,0,1
0.3,0.1372045904329282,-1,20,30,2.547489762367765,-0.399638118602491,AC,556,2455.649286557001,3916.7880126863984,4294.360041844179,1,4,CA,213,1,BB,1,1,-1,0,1000.0,0,INTERNET,7.6536621210381375,other,1,1,0,0
0.9,0.0835559953332187,113,265,60,0.0232458858044549,-0.7580096622869863,AB,2419,9013.796838220967,6259.818485905966,5624.5854757662255,799,2,CA,105,0,BA,0,1,30,0,200.0,0,INTERNET,4.982108399564794,other,1,1,0,1
0.1,0.9231360913766504,-1,176,40,0.0014208980100234,-0.7499500796009816,AB,4169,9462.20072249893,5788.41477226213,5991.860947908767,19,5,CB,211,1,BA,1,1,30,0,200.0,0,INTERNET,5.1952440419453865,windows,0,1,0,0
0.2,0.4140313442942719,-1,104,40,0.0126846863162723,-0.6566807223534668,AB,1713,4671.25903118342,4851.452571968221,4982.310029558717,2,10,CA,100,1,BA,0,1,25,0,200.0,0,INTERNET,2.753547297607424,windows,0,1,0,1
0.3,0.9238837474483992,-1,220,20,0.038086344034938,-0.7621586650967878,AB,3112,4995.716917041439,3740.007407741356,4323.358018485996,4,10,CA,233,1,BE,0,1,30,0,1000.0,0,INTERNET,6.509650011955771,windows,0,1,0,0
0.4,0.5948271574788684,-1,125,60,0.009103985782153,-0.8649229725004999,AC,1504,4076.558868485225,4996.837666552293,4962.316779312097,1,0,CA,132,0,BA,0,1,-1,0,2000.0,0,INTERNET,5.6670361366912845,windows,0,1,0,1
0.4,0.8192119321884913,-1,38,30,0.0237521248584309,-1.5460858522694407,AC,518,1177.162851149446,3693.502320413353,4868.030477494525,0,12,CA,200,1,BD,0,0,-1,0,1000.0,0,INTERNET,9.626039012246055,windows,1,1,0,0
0.7000000000000001,0.5648577780901091,-1,61,30,0.0172542104075847,48.270705340201474,AA,3108,4805.3272573291,6402.876525069194,5928.18995461339,12,15,CB,60,1,BC,0,1,3,0,200.0,0,INTERNET,15.837004587118336,other,0,1,0,0
0.3,0.0854710991128802,-1,95,60,0.0162306036409791,-1.174981037989778,AC,1152,8726.324832538829,4620.821525761298,5567.111734870415,0,1,CC,115,1,BB,1,1,-1,0,200.0,0,INTERNET,22.51459162323785,windows,1,2,0,1
0.2,0.8291298839384591,-1,18,30,0.0066846811034293,-0.9417555136674236,AB,1036,8284.615051908291,4875.330563896134,4399.493888029328,15,11,CD,43,1,BC,0,1,1,0,200.0,0,INTERNET,4.621877142374537,linux,1,1,0,0
0.8,0.6990551338514563,11,9,30,0.0018036179893413,-0.8883033578466154,AC,439,3154.431199777837,4452.7260454313255,4139.808192977611,0,10,CA,58,1,BC,0,1,-1,0,200.0,0,INTERNET,0.3595313737243597,linux,1,1,0,0
0.9,0.5585704928628747,-1,98,60,0.0121560628567808,-1.5183895254764763,AC,1235,10466.156561742511,5035.399980121853,5361.320463490054,0,7,CA,300,1,BA,0,1,-1,0,1500.0,0,INTERNET,6.559489532266146,windows,0,1,0,1
0.3,0.1538476459913503,-1,66,50,0.0043269099375214,29.6330394293482,AA,1075,8836.360341908756,4756.564661877746,5279.057613081549,33,2,CB,-42,1,BC,1,1,20,0,200.0,0,INTERNET,69.2738292406956,linux,0,1,0,0
0.8,0.7359249655031581,104,10,30,0.0300755190143565,-1.480612601745364,AB,2062,1664.2449204556126,3839.597315305151,4962.2945517759945,45,14,CA,91,1,BB,0,1,1,0,200.0,0,INTERNET,3.742272550304557,other,1,1,0,0
0.9,0.5127151011619475,-1,165,60,0.0320568038632962,-0.8053949764523941,AC,409,3975.662211272556,2000.1465070962647,3146.322833426469,1,9,CA,185,1,BA,0,1,-1,0,200.0,0,INTERNET,3.383765669463401,other,0,1,0,0
0.9,0.8810854957208235,-1,170,40,0.0038949184503161,-0.8826610403495863,AC,1482,669.0704906313622,5186.786231483957,4423.77621849943,1,8,CA,269,1,BA,1,1,-1,0,1000.0,0,INTERNET,2.014057614882132,windows,0,1,0,1
0.9,0.2393719578068609,-1,54,40,0.0026210286650379,93.1008838800258,AC,1664,2479.1972246683586,1865.80355357472,3087.880389930562,1,4,CA,294,0,BA,0,0,-1,0,500.0,0,INTERNET,4.5225071525071465,windows,1,1,0,1
0.9,0.7785370463432562,-1,85,30,0.0039727639487913,-0.495880433670645,AA,4190,9622.975566710753,5332.65078612153,5937.863700776074,1,12,CA,225,1,BA,0,1,28,0,1500.0,0,INTERNET,6.800806058510228,windows,0,2,0,1
0.2,0.5856410686252683,-1,40,40,0.0072745377402696,-0.7833553334941574,AB,213,1299.8405877038283,2212.1234992295867,3135.813918019777,15,1,CA,101,1,BB,1,0,5,0,200.0,0,INTERNET,9.17670026354926,windows,1,1,0,0
0.1,0.5884938455149693,12,13,10,0.0075254523100799,-0.5817409741937986,AB,3628,8252.795800291571,8012.465038527779,5993.458563475667,25,5,CA,235,1,BC,0,1,10,0,200.0,0,INTERNET,4.912118876573503,windows,0,1,0,0
0.9,0.1369973868698037,-1,130,60,0.009809049664255,-0.5421097395175651,AB,761,1341.1520539708256,3061.147184075994,4382.304396356896,14,9,CA,190,1,BA,0,1,25,0,1500.0,0,INTERNET,3.5625113574082903,linux,0,1,0,1
0.7000000000000001,0.4146797365211713,-1,102,70,0.0425903961797617,-1.3259716842424174,AB,726,796.5127789266612,3164.810907510256,3104.085283411391,1,2,CC,41,1,BB,1,0,28,0,2000.0,0,INTERNET,3.606975927601287,windows,0,2,0,0
0.9,0.6772219418963611,-1,83,30,0.0235256938792046,-0.9488670861582026,AC,1045,7000.160128685136,6139.211276857036,5330.637200097507,0,12,CA,226,1,BA,0,1,-1,0,1500.0,0,INTERNET,1.4544373407828213,other,0,0,0,1
0.9,0.9993379529498608,32,14,20,0.0062320064781713,-0.6281950538328844,AC,914,4612.660777531292,4386.43482887627,4864.173718691374,0,11,CA,134,0,BB,0,1,-1,0,200.0,0,INTERNET,3.5500413281568344,other,1,1,0,0
0.9,0.842955146316477,-1,52,40,0.002082128817665,-0.8049127964379708,AB,2388,2086.0023809277,3362.985609090183,3676.3178834276832,9,5,CA,288,1,BA,0,1,15,0,1500.0,0,INTERNET,2.806442966845036,macintosh,0,1,0,1
0.7000000000000001,0.5934665592103772,-1,292,50,0.0017106398182693,-1.2547577930957523,AD,4345,7415.536617389091,7174.981846548108,6702.24901013503,10,2,CA,214,0,BA,0,1,30,0,1500.0,0,INTERNET,1.6940197882129533,windows,0,1,0,1
0.1,0.587271326685999,-1,31,30,0.0081142420700792,-0.4118809726323705,AC,851,10171.057765163909,9031.480427124849,5727.049348957722,1,13,CA,144,0,BC,0,1,-1,0,500.0,0,INTERNET,5.044034565080752,windows,1,1,0,0
0.9,0.3133298825161517,-1,30,30,0.0027894982252232,-1.3036701749976454,AB,1498,7375.041588020542,5404.494836664458,5072.988220750818,25,11,CA,73,0,BC,0,1,1,0,200.0,0,INTERNET,3.6695435603824538,other,1,1,0,0
0.6000000000000001,0.4990314413780788,-1,47,40,0.0116887932160326,-1.2037767258024266,AB,998,4441.006933784947,3792.851416370786,3131.787900523741,1,7,CA,291,0,BA,0,1,2,0,1500.0,0,INTERNET,4.5825873471972445,other,0,1,0,1
0.9,0.172720931217597,-1,130,50,0.0164881002771357,-0.5612672172199311,AB,4862,5872.720178694568,6335.483764920999,6015.050927800194,8,8,CB,156,1,BA,0,1,1,0,1500.0,0,INTERNET,5.5319595442812455,linux,1,1,0,1
0.9,0.2426896110162496,99,16,30,0.007915928949947,-0.6716154829173411,AB,2071,949.9441234447308,3563.33484065674,4512.078218667745,1,11,CA,186,0,BA,0,1,6,1,1000.0,0,INTERNET,0.6815335767172958,linux,1,1,0,0
0.1,0.4308916038467831,95,14,30,1.3620808476604436,19.31947333166776,AA,1218,11234.435151386557,4505.216045136857,5590.56605780691,26,5,CA,192,0,BC,1,0,22,1,1500.0,0,INTERNET,18.279834931095348,other,1,1,0,0
0.9,0.1799590652267359,-1,32,30,0.0021368934865541,-0.8117231801157057,AB,2377,8161.9308670004175,5286.470344823842,4423.912867277419,12,11,CA,96,1,BC,0,1,10,1,200.0,0,INTERNET,1.8681451214018183,linux,0,1,0,1
0.6000000000000001,0.8056262716192433,-1,171,50,0.0146934980945375,-0.3472173918675696,AC,2303,532.2217960957188,5599.86760585251,4832.576550328454,1,2,CA,295,1,BA,1,0,-1,0,1500.0,0,INTERNET,0.4808409658463866,windows,1,1,0,1
0.9,0.7664334287024969,-1,86,20,26.38363599567289,29.31822076084741,AA,1295,11555.141791570117,6915.8029503356565,4271.433499262022,2076,8,CA,265,1,BE,1,1,28,0,1000.0,0,INTERNET,6.03288294717617,other,1,1,0,0
0.9,0.0826043611390436,-1,130,20,0.0212135223120753,-0.7860744486614845,AB,974,5294.844724597618,3605.46699313573,4207.44777966622,1,11,CA,251,1,BA,1,1,28,0,1500.0,0,INTERNET,0.6190506957663793,windows,1,1,0,1
0.6000000000000001,0.5947407188172217,-1,15,40,0.0283415548454499,-1.610629750907393,AC,1118,6969.587231541157,5858.543374824112,4284.476077370176,0,5,CB,19,1,BB,1,1,-1,1,200.0,0,INTERNET,3.9287436657509898,linux,1,1,0,1
0.8,0.8184078925684952,-1,154,40,0.0120035746830082,1.8380587413646368,AA,1645,4408.34487353889,3208.191879795312,3985.926494682312,3,5,CA,79,1,BA,1,1,31,0,500.0,0,INTERNET,4.313448401199005,other,1,1,0,0
0.2,0.4175549807579721,-1,187,20,0.0166355497843594,-1.4461136235469052,AD,2608,1109.7209645831765,3635.801717152709,4953.88065678983,8,17,CA,53,0,BE,0,1,31,0,200.0,0,INTERNET,3.581811729639279,linux,0,1,0,0
0.8,0.9904546042697352,-1,43,30,0.0026855024677195,32.93697780585495,AA,638,11679.046798231597,5748.18715047446,3724.7297052260265,2162,11,CA,169,0,BA,0,1,6,1,500.0,0,INTERNET,6.402138607656907,other,0,1,0,0
0.7000000000000001,0.3824958779471277,-1,43,20,0.012003137134245,28.72128393907468,AA,1815,7962.120527689083,4033.839909007344,5002.90259437485,1,13,CA,76,0,BC,0,1,1,0,500.0,0,INTERNET,6.1154202733336565,other,0,1,0,0
0.3,0.6137824681631715,-1,100,30,0.0051523698991675,-0.8645179022908372,AC,1290,9379.664958136487,5569.232091655082,5473.084178125036,1,7,CA,226,0,BA,0,1,-1,0,1500.0,0,INTERNET,10.51331331632906,windows,0,1,0,1
0.9,0.1237232989971393,-1,118,50,0.0196886599756003,-0.8099009412910941,AD,1461,2558.200772503035,4676.305268606054,4279.626893104369,1,2,CA,212,0,BA,0,1,30,0,2000.0,0,INTERNET,7.955441320052742,other,1,1,0,1
0.4,0.4295980806629888,11,9,20,14.418117922701786,-1.0421254893533771,AD,1654,6353.919900604705,2803.353596013117,5021.052396973209,9,14,CB,122,1,BC,0,1,1,0,200.0,0,INTERNET,4.579002681248231,linux,0,1,0,0
0.4,0.6684781485246309,-1,57,20,0.0049928413044949,-0.5887366410443158,AC,1093,3981.1654963506594,6888.789439516781,5509.014036150256,1,12,CA,-2,1,BE,0,1,-1,0,200.0,0,INTERNET,4.636327317652111,linux,1,1,0,0
0.9,0.809810188209514,27,13,10,3.0749438388147974,-0.9577478137437352,AC,1325,4223.495009451448,4428.947088548902,5398.915937539795,1,7,CA,90,1,BE,1,1,-1,0,200.0,0,INTERNET,35.06555186765606,other,1,1,0,0
0.8,0.4074487715632559,-1,40,30,0.0043475047695981,-1.540882593361356,AC,777,5181.487806796558,3297.083007835317,4350.718450590923,0,9,CA,131,1,BD,0,1,-1,0,200.0,0,INTERNET,1.5667161187746506,other,0,1,0,1
0.5,0.0526244125153819,-1,42,30,0.001107671522997,31.973285418133912,AA,4084,11507.08725446,7410.555004102841,5102.565745176911,1,6,CA,155,0,BA,0,1,30,1,500.0,0,INTERNET,6.415275231089772,other,0,1,0,0
0.6000000000000001,0.8867653154908991,-1,261,40,0.0057475325861813,-0.4934639305027019,AA,1926,3962.0054023211583,2783.5412560027307,5457.615122594557,12,12,CA,140,1,BA,1,1,1,1,200.0,0,INTERNET,6.532934300995058,linux,0,1,0,0
0.7000000000000001,0.1705765637945195,-1,13,50,0.0007706803325585,-1.0451992916926969,AC,501,5149.653946515207,2737.643565634638,3108.292177023592,0,2,CA,157,0,BA,0,1,-1,0,500.0,0,INTERNET,19.775150800177293,macintosh,0,1,0,1
0.1,0.5141308664587733,-1,253,30,0.0303890820322182,-1.3226081009931556,AC,2922,5979.9929820446605,4375.550340585605,4324.643634632157,0,9,CA,80,0,BD,1,1,-1,0,200.0,0,INTERNET,6.045342957130981,linux,1,1,0,0
0.5,0.5141896575986876,-1,75,40,0.0040989227960218,-0.7822638504272048,AB,3194,3731.480572801601,2968.839459305231,3959.484747145156,3,8,CA,114,1,BC,0,1,30,0,200.0,0,INTERNET,8.655491763222528,macintosh,0,1,0,1
0.7000000000000001,0.0479956988571484,-1,66,30,0.0340185451854451,-1.2608633969680791,AB,910,9087.461994384945,4972.095416887626,5292.835139155285,11,18,CA,178,1,BA,0,1,30,0,200.0,0,INTERNET,5.255476908837277,other,1,1,0,1
0.6000000000000001,0.7411082278508351,-1,37,30,0.0332287105586255,47.923992087907,AA,2205,10388.497229020317,5412.03518317445,4267.2951815747365,2026,13,CE,97,0,BC,0,1,6,0,200.0,0,INTERNET,5.33448974569935,other,1,1,0,0
0.9,0.1097488059034264,-1,117,60,0.0338503945434572,-0.8356936162770915,AD,593,2240.372974218446,2230.4262280729995,3121.663883417298,2,3,CA,270,1,BD,0,1,10,0,500.0,0,INTERNET,8.981349295139447,linux,0,1,0,1
0.6000000000000001,0.8802654644063235,-1,52,30,3.068096575420157,-0.8310431139784576,AC,1235,8958.237409163505,5096.730954275256,3853.2224149725735,0,5,CC,200,0,BC,0,0,-1,0,200.0,0,INTERNET,7.77876871438567,macintosh,0,1,0,1
0.8,0.5005111985154556,-1,18,20,0.0332779250652032,-1.0013327632916482,AB,4242,7340.428873479184,3730.286342475637,6355.3675739313085,16,7,CA,35,0,BC,0,1,2,0,200.0,0,INTERNET,15.987955529429357,other,0,1,0,0
0.8,0.0145007914029634,-1,56,50,0.0129677901785272,37.45936157013456,AA,1133,9246.306515956405,4996.2846668918455,5297.449814677134,11,6,CA,52,1,BB,1,1,25,1,200.0,1,INTERNET,3.798268228369301,other,0,1,0,0
0.9,0.5977133335870153,146,28,30,0.0008088160276412,22.477218680148034,AA,5787,8148.464485587091,5226.302574699982,6372.08898040856,56,16,CB,64,1,BC,1,1,5,1,200.0,0,INTERNET,14.328816386518614,linux,0,1,0,0
0.9,0.3874275080326685,-1,69,50,0.0166142569114412,-1.3026872351030387,AC,802,2875.8327365979626,4635.913297897408,5231.369722014704,0,7,CA,-29,1,BA,0,1,-1,0,2000.0,0,INTERNET,6.551620422138948,windows,0,1,0,1
0.9,0.4403617328270832,-1,139,40,0.0077647715908668,-1.1572832900182572,AC,1141,4140.721587435503,3355.5649865361934,3154.4532135874715,1,11,CA,155,0,BB,0,0,-1,0,500.0,0,INTERNET,4.829839701748899,other,1,1,0,1
0.3,0.6391702098996717,-1,87,20,0.0121674457323906,-0.6946216599056051,AD,697,3313.296643108868,2777.922946754124,4145.717312043334,1,7,CA,91,1,BE,1,1,15,0,200.0,0,INTERNET,6.130014268349991,macintosh,1,1,0,0
0.7000000000000001,0.9206074477667544,-1,63,40,0.0036432749290556,-0.6240279642297557,AB,3166,5274.761299144248,5426.492954122072,5161.891124361511,30,11,CA,5,0,BC,0,1,22,0,200.0,0,INTERNET,15.062792396448708,other,0,1,0,0
0.8,0.1560669060673551,-1,36,50,18.552066308714927,22.57760664022621,AA,2174,7342.583672958194,5664.19415488552,4344.8619119192135,17,9,CA,133,1,BA,0,1,28,0,200.0,0,INTERNET,3.4419950129737846,other,0,0,0,1
0.4,0.7563961887745486,-1,133,20,0.014556671792826,-0.6063375787261507,AC,2560,3657.4736046097937,4570.294639615438,5423.705031272194,0,13,CA,159,0,BA,0,1,-1,0,200.0,0,TELEAPP,2.5756478100740963,other,0,1,0,1
0.8,0.3114661724127898,-1,50,30,0.0176943310189382,-0.8627437044098399,AB,1499,4050.903447762281,3290.434372793503,4226.420095879207,9,4,CF,163,0,BB,0,1,26,0,500.0,0,INTERNET,8.043560741607013,other,1,1,0,0
0.7000000000000001,0.7907642572644141,-1,180,40,0.0105071917661576,-1.1748864017012728,AC,1825,5157.829697649394,4622.087720675921,4328.749546800685,0,5,CA,277,0,BA,0,1,-1,0,1500.0,0,INTERNET,3.131974539783698,windows,1,1,0,1
0.6000000000000001,0.175391544299098,-1,145,60,0.0112752824409745,-0.8297417053232791,AB,1441,7661.552381670094,4977.973465476127,4417.945210796544,287,11,CA,163,0,BB,0,0,20,0,500.0,0,INTERNET,2.0445956963325167,windows,0,1,0,1
0.9,0.9159329091972218,-1,55,20,0.0482926760503709,-0.8774345398000144,AB,1100,3890.8918002314754,3889.355612246652,4380.718783642576,54,9,CA,190,0,BB,0,1,1,0,1500.0,0,INTERNET,0.7519139021947199,other,1,1,0,0
0.7000000000000001,0.4577844175497359,-1,58,40,0.0021325112391307,-0.3970713628168713,AA,1481,5979.361329747038,6679.036116305911,5319.723084828108,1499,3,CA,171,1,BA,1,0,10,0,1500.0,1,INTERNET,3.9703117344196106,windows,0,1,0,1
0.1,0.3520728371513531,-1,26,30,0.005336442501102,41.99711083985163,AA,2679,8338.882947261272,6083.5300489401525,4157.667483746147,13,5,CA,115,1,BC,1,1,19,0,200.0,0,INTERNET,1.3976335159918178,other,1,1,0,0
0.9,0.2446775039258535,-1,20,30,0.0104351150982598,-0.6574502515342433,AB,1641,6008.062290132001,2830.8676109042854,3524.9585508656005,2,11,CA,105,1,BA,0,1,28,0,200.0,0,INTERNET,7.480344319582111,windows,0,2,0,1
0.7000000000000001,0.9142320346010796,-1,176,40,0.0070078156173246,-0.2315567189553797,AB,1318,5109.090788129282,4631.463949543766,4400.517266145858,12,7,CA,190,0,BA,0,1,1,0,1000.0,0,INTERNET,1.4164543414079864,windows,0,1,0,0
0.1,0.1734090244456846,-1,135,40,0.0101359472124492,-0.972591106569794,AB,1587,8353.062940301555,6809.708947583604,3855.561302705292,210,2,CA,294,1,BA,0,0,25,0,500.0,0,INTERNET,8.908337602097731,windows,0,1,0,1
0.4,0.1061209860271887,-1,143,60,0.0160472488853297,-0.7782090692768174,AB,1320,4946.535041843157,3825.958458131816,5630.688239143191,564,5,CA,110,1,BA,1,0,28,0,200.0,0,INTERNET,3.186296929826212,windows,0,1,0,0
0.9,0.154378829508186,-1,72,20,0.0072850635353343,-1.4217912546884754,AA,1610,9001.521371240126,6833.594360845338,6736.545701845232,17,11,CA,173,1,BE,1,1,2,1,200.0,0,INTERNET,1.5149310019555688,other,0,1,0,0
0.9,0.7633148437607352,-1,39,50,0.0237080074343863,-1.4224854132723943,AB,1580,4933.549490425873,4572.974103299789,4197.22806727583,12,5,CA,99,1,BE,0,1,26,0,500.0,0,INTERNET,2.2347867694242702,windows,1,1,0,0
0.8,0.9889567088896616,32,9,30,0.0369671925744849,-1.2701682116705084,AA,674,2784.709017455374,3760.449486232946,5053.927553258005,3,11,CB,140,1,BC,0,1,1,0,500.0,0,INTERNET,17.99067270696912,other,1,1,0,0
0.6000000000000001,0.6660283767250771,-1,149,50,0.002919375857784,-0.6523957212017706,AB,1430,6618.330973717552,4212.758092452702,5669.7623988726,13,3,CA,268,1,BA,0,1,30,0,1500.0,0,INTERNET,29.258151500491124,windows,1,1,0,1
0.5,0.1983979114758594,-1,166,40,0.0098534714656938,-0.905260914447106,AB,2906,2651.7835671873577,2796.98438180239,3140.805623637258,778,8,CA,80,1,BA,1,1,28,0,200.0,0,INTERNET,4.407719664394871,windows,1,1,0,1
0.3,0.3319557168143242,26,8,40,0.0089502777547269,-0.8642322340532319,AC,653,6245.165296526679,7638.676376707503,5188.732359228644,0,11,CA,62,1,BC,0,1,-1,0,200.0,0,INTERNET,4.1288477964709385,other,0,2,0,1
0.6000000000000001,0.597105368097974,-1,317,40,0.0125457531498304,-1.0372028811105851,AC,1828,9894.301129360938,2849.0983245949933,4849.998301188765,1,4,CA,271,1,BA,0,1,-1,0,1000.0,0,INTERNET,13.178658347427673,windows,0,1,0,1
0.4,0.0112227269816892,-1,140,40,0.0069426678334038,-0.9855377234431896,AB,917,3683.919799840871,2599.939580125242,3094.481728276432,15,2,CA,163,1,BA,1,1,1,0,500.0,0,INTERNET,1.9153342757484184,linux,1,1,0,0
0.8,0.1527127728448059,-1,283,70,0.0243130322117352,-0.9066013710770976,AC,730,5711.669878482008,3610.2162322963336,4191.619110763377,0,1,CC,161,0,BA,1,0,-1,0,1500.0,0,INTERNET,1.0484944810099064,macintosh,1,1,0,1
0.9,0.1614950380132699,156,7,30,0.0087059578015075,-1.4176186987120176,AC,1293,6265.065970375491,4942.034280985972,5868.973247887201,1,24,CA,94,1,BC,0,1,-1,0,200.0,0,INTERNET,10.801421103605268,windows,1,1,0,1
0.9,0.527896048973516,8,5,30,0.0334636888095122,47.3170589452758,AA,1620,9744.075283665086,5399.213635120432,4880.070088288517,9,10,CD,174,1,BC,1,1,28,0,500.0,0,INTERNET,16.295117028431648,other,0,1,0,0
0.8,0.0795093364650881,-1,71,40,5.5645487094296335,13.79045387213537,AA,976,9244.260509951146,5624.137349520404,5340.81401646728,41,4,CA,61,1,BC,0,1,28,0,200.0,0,INTERNET,29.96608294884325,other,1,1,0,0
0.3,0.2118110989762404,-1,193,50,0.0158611246011072,-0.6804414346380763,AC,3695,12253.350243965317,7928.773043443978,6804.665196786251,0,7,CA,86,1,BA,1,0,-1,0,200.0,0,INTERNET,5.648037343240366,other,0,2,0,1
0.9,0.0842182455685378,34,173,40,0.0259531143234466,-1.1831584425748172,AB,1684,2536.125800909579,6723.94594867794,4934.717788502406,851,5,CA,216,0,BA,0,1,31,1,1500.0,0,INTERNET,2.5979556313078263,windows,1,1,0,1
0.8,0.3585662494386024,151,28,70,0.0107343036181694,-0.7156044021043286,AB,937,1609.8163399329917,2350.0456112225816,3113.001240778929,29,2,CA,344,1,BA,0,1,11,0,1500.0,0,INTERNET,49.34547634582891,linux,0,1,0,1
0.9,0.1959583818758389,-1,66,40,0.0122545549240019,-0.6845747039547978,AC,3043,7855.247952680369,4979.110660237331,4165.502368195565,0,3,CA,241,1,BC,0,1,-1,0,1500.0,0,INTERNET,2.074094433706711,windows,0,1,0,1
0.2,0.3174467304149368,12,4,20,0.0082524964049691,-0.6685729794713064,AB,465,2782.996287083978,3672.150987902825,4866.87215676395,13,13,CA,108,0,BB,0,1,1,0,500.0,0,INTERNET,4.978093986229923,linux,1,1,0,0
0.1,0.5897222000464367,-1,115,50,1.0242259388874668,-0.9037943937641192,AC,1861,2616.910792296524,5390.186049657505,5160.677162694165,1,5,CA,97,1,BC,1,1,20,0,200.0,0,INTERNET,4.987406161799749,linux,1,1,0,0
0.1,0.6666359313267246,-1,198,70,0.0062831224993035,25.198121606287504,AA,4668,8582.325895819315,6533.924745367717,5149.204211482397,15,7,CA,156,0,BA,0,1,21,0,200.0,0,INTERNET,6.007858041161247,other,1,1,0,1
0.6000000000000001,0.0173476113807298,-1,82,50,0.0179287401664638,107.93314350369924,AA,1479,2960.0405207153644,3012.8876770781976,3757.222221852173,14,2,CA,90,0,BB,0,1,28,0,200.0,1,INTERNET,7.197800010901988,other,0,1,0,1
0.8,0.0938281367228186,-1,39,20,0.0201692289616438,-1.1081981758782329,AB,1095,4947.188355335079,5803.5471631546,6358.022169079964,4,17,CB,194,1,BA,1,1,30,1,1500.0,0,INTERNET,3.8234848268287935,windows,0,1,0,0
0.4,0.909956611726015,-1,159,40,0.0044364495923492,-0.8412818638993973,AC,574,3925.31597862036,7145.138677727839,4261.976648812259,0,5,CA,94,0,BA,0,1,-1,1,200.0,0,INTERNET,3.3640007427945187,windows,0,1,0,0
0.9,0.0757083624548393,-1,64,30,0.0118591727889547,-0.5661583164533439,AB,3143,8362.689761602369,3695.950415258496,4336.1235766684085,7,9,CA,303,0,BA,1,1,28,0,2000.0,0,INTERNET,3.1223445426792065,windows,0,1,0,0
0.2,0.8816420352811984,34,4,40,0.0347534193018638,-1.549595138422568,AB,899,6801.53896462507,4626.461595471405,5139.656525004141,1,8,CF,172,1,BB,1,1,1,0,1000.0,0,INTERNET,11.425381611417055,windows,1,1,0,0
0.2,0.7566742305850399,-1,71,40,0.0358839851649594,12.328169235612911,AA,913,7250.658942648807,6807.562031099002,5567.397656589429,2031,13,CA,95,0,BC,0,1,21,0,200.0,0,INTERNET,7.968558754803147,macintosh,0,2,0,1
0.8,0.3099429997319211,-1,248,60,1.196810291032702,-1.2889294608484256,AC,1297,4517.303866633569,4661.617996926212,4187.748049081475,0,2,CA,267,1,BA,0,1,-1,0,500.0,0,INTERNET,13.547887731931835,other,0,1,0,1
0.1,0.0427778690936204,26,33,30,0.008925551668776,-0.8018683431145885,AB,1059,12603.4471449529,4429.1253114923,6322.884167791915,16,17,CA,193,0,BB,0,1,21,0,200.0,0,INTERNET,6.598295695988865,other,1,1,0,0
0.3,0.1017845113740883,312,25,40,0.0159229359660186,-1.2180203557023253,AC,2512,9230.330559276586,5709.881297905416,5992.8464914542665,0,15,CA,216,1,BA,0,1,-1,0,1000.0,0,INTERNET,6.159314834977312,linux,0,1,0,1
0.6000000000000001,0.1320417129588356,-1,179,40,0.0395968833978989,-1.6667973350584746,AB,4277,836.9215200988721,3581.352136581495,4846.762056030094,36,2,CC,89,0,BB,1,1,11,0,200.0,0,INTERNET,10.171561158722175,linux,0,1,0,0
0.8,0.0529331325348527,-1,90,40,0.0061101053768689,47.78037915829816,AA,1576,4883.449376303445,5030.567322570218,5202.934533470994,2,7,CA,122,1,BA,1,1,28,0,510.0,0,INTERNET,9.775048624831626,other,0,1,0,1
0.6000000000000001,0.8436883369929178,-1,169,50,0.0144610759584635,-0.2938967631181866,AC,1002,3455.3191470151914,5843.366347923944,4171.468155807063,1,8,CA,212,0,BA,0,1,-1,0,1000.0,0,INTERNET,4.0809011283318055,other,1,1,0,1
0.6000000000000001,0.4186689449065729,-1,354,70,0.0148910846883759,-0.8338789080132704,AB,3915,3279.4373632662755,5851.636248976114,5979.165556722239,1,1,CC,318,1,BA,0,1,30,0,1500.0,0,INTERNET,4.9003650507608265,linux,0,1,0,1
0.9,0.2252600491209945,122,174,50,0.0122848289593392,-1.1566104702714417,AB,911,2262.837868519828,3325.944293751997,4264.6509965216055,10,1,CA,138,1,BA,1,0,25,1,500.0,0,INTERNET,7.390261147155509,windows,1,1,0,1
0.1,0.1792485732672728,-1,388,60,0.000577704991729,27.16175959061827,AC,846,9141.522516576271,5445.346915046976,4764.551654758725,16,1,CC,148,0,BA,1,0,30,0,500.0,0,INTERNET,10.578704936007806,windows,0,1,0,1
0.8,0.4537234449267851,-1,54,20,0.0068849838724007,16.01076308632915,AA,1344,10439.288464161013,5335.30735156685,5952.5517228572535,11,6,CB,99,0,BE,1,1,28,1,200.0,0,INTERNET,13.474312733716614,linux,0,1,0,0
0.9,0.8758171407886101,-1,33,20,0.0217559295519816,-1.0216939531073344,AB,887,10254.460275808264,5267.877970486039,4110.081278604224,39,9,CB,121,0,BE,0,1,1,0,200.0,0,INTERNET,1.0121590150794042,windows,1,1,0,0
0.1,0.8909112375444583,-1,48,30,0.02685383033299,-0.5783849887424772,AB,665,11268.31501280663,7255.349487767929,5375.659907578638,0,15,CB,257,0,BC,1,1,5,1,1500.0,0,INTERNET,5.074802986177341,windows,1,1,0,0
0.9,0.5748245105377182,-1,71,30,0.7750111625922529,-0.6520024959366848,AC,1398,5366.4511215723805,5990.704892046462,5436.433304909665,0,5,CA,283,0,BA,0,1,-1,0,1500.0,0,INTERNET,6.311146343718955,windows,0,1,0,1
0.1,0.3934202291361721,-1,26,40,0.0054607699713513,-0.7896891626656786,AB,3032,5291.486469217764,3788.501035669942,4364.863541753279,12,5,CB,141,1,BC,0,1,15,0,1000.0,0,INTERNET,5.487203200291264,linux,1,1,0,0
0.2,0.0590821896537385,-1,59,30,0.7281621060297259,-1.704210640282847,AD,1366,8941.252281323734,5497.83541768268,4256.428045562951,597,7,CA,61,0,BC,1,1,15,1,200.0,0,INTERNET,1.2496786146363086,windows,1,1,0,0
0.4,0.1409164121349555,31,8,30,0.0039876879568922,-1.0782698334505003,AC,2257,9170.354686678613,7202.055465227392,5036.68508029676,4,21,CA,85,1,BC,0,1,-1,0,200.0,0,INTERNET,8.921195173046051,linux,1,1,0,1
0.7000000000000001,0.9383269412522974,-1,142,50,0.0048891571694496,-0.9649318314619996,AC,1596,7136.400948786081,3671.769505890876,4282.112000641641,2,7,CA,166,1,BA,0,1,30,0,2000.0,0,INTERNET,27.83969033510953,windows,0,1,0,1
0.6000000000000001,0.1759119659834226,-1,33,40,0.0037168852961254,-1.6243713210088768,AB,855,10429.975450457698,7108.168741904284,4246.820291308969,1,6,CA,85,0,BC,0,1,1,0,200.0,0,INTERNET,8.096064166657055,windows,0,1,0,0
0.7000000000000001,0.5268374235899653,71,10,20,0.0112885989745956,-0.9793691197621668,AB,3405,3401.439398948173,3836.0392497243456,4251.355080566848,1581,11,CA,227,1,BD,0,1,1,0,500.0,0,INTERNET,6.402790917595072,windows,0,1,0,0
0.4,0.5570160189136182,-1,66,20,0.0195570920090505,-0.5329568359491769,AC,2839,3614.055602262226,4863.926004316135,5480.0719255552085,0,14,CA,125,1,BE,0,1,-1,1,200.0,0,INTERNET,9.71261421325747,windows,0,1,0,0
0.9,0.071232842496783,-1,65,30,0.0057939035969166,-0.8770657328265393,AD,1140,2928.1163442346724,4557.35380225778,5638.31000383716,2021,9,CB,77,1,BC,0,1,1,1,200.0,0,INTERNET,5.310112286101674,linux,1,1,0,0
0.9,0.8059092038097799,-1,61,30,0.0049485484405363,-0.7598823513864172,AC,1003,366.3317576931765,4559.106798182811,4201.426820448729,5,2,CA,263,1,BA,0,0,-1,0,1500.0,0,INTERNET,44.69655861483391,linux,0,1,0,1
0.9,0.6767739371424439,-1,41,40,0.0022756863981193,48.89770567890614,AA,443,4292.0837123165975,4670.046813905433,5042.83392036139,3,5,CA,230,1,BC,0,1,30,1,500.0,0,INTERNET,20.050638094100343,other,1,1,0,0
0.6000000000000001,0.1606920877733781,-1,83,40,0.012900663254778,-0.7761402269987012,AB,1628,462.0264676911568,3282.5339603569832,5172.716743947434,41,7,CA,210,0,BC,1,0,28,0,1500.0,0,INTERNET,6.162625746992736,windows,0,1,0,1
0.9,0.2685700005366988,-1,65,50,0.0134906649968077,-1.0966751515691513,AC,511,3328.208653893007,4531.224672555685,4297.869406604301,1,6,CA,192,1,BA,1,1,-1,0,2000.0,0,INTERNET,6.11118955720395,windows,0,1,0,1
0.1,0.3621728919943398,175,5,20,15.029375447930796,-1.612936074799009,AC,459,5391.069363953285,2631.9513220154863,3022.385652995383,0,10,CA,98,0,BC,0,1,-1,0,200.0,0,INTERNET,3.222250174402935,linux,1,1,0,0
0.7000000000000001,0.7727616094106391,-1,27,30,0.0517442685348838,-0.3199129680090762,AB,1003,1023.6033456722712,3330.3575621451128,3123.805765076338,2,7,CA,319,1,BA,1,1,1,0,1500.0,0,INTERNET,5.1104585395532105,other,1,1,0,0
0.2,0.2521534807163552,-1,69,40,21.90382939579628,-0.7853034626757931,AC,5750,5884.970162540772,3017.471717752309,5570.3636855566565,0,19,CA,102,0,BB,0,1,-1,0,200.0,0,INTERNET,13.161589434811274,other,0,1,0,1
0.5,0.9011175592984766,-1,51,30,0.0139864172907222,-1.0047586978788128,AC,1752,15443.738189037576,5318.747731539609,5567.922253111839,0,19,CA,114,1,BB,1,1,-1,0,200.0,0,INTERNET,26.38989961967936,linux,1,1,0,0
0.3,0.8260911554451256,-1,67,30,0.0064207966053972,-1.2712908031254884,AC,1979,2338.5413100691712,4802.257963430185,4996.129666153272,1,9,CA,172,1,BA,0,1,-1,0,200.0,0,INTERNET,1.5896906584755048,other,1,1,0,1
0.9,0.6264725358885628,-1,32,40,0.047802002246124,-0.2113062341439964,AB,3151,8205.24286446748,4358.182790599089,4780.494133717674,8,7,CB,109,1,BB,0,1,21,0,200.0,0,INTERNET,2.6217245199877537,other,1,1,0,0
0.6000000000000001,0.0893535180039664,-1,187,50,0.0214526556642073,-0.7229817070177631,AC,1786,5809.748448143913,3948.631896429546,4765.674644284492,1,2,CA,160,1,BA,0,1,-1,0,2000.0,1,INTERNET,0.7262253987770058,other,0,1,0,1
0.2,0.3356243751370629,-1,381,50,0.0099084455064161,-0.5957249118083423,AC,2136,5754.81502570519,4870.331488740554,4288.2941252525015,0,23,CA,263,0,BA,1,0,-1,0,1500.0,0,INTERNET,3.77740443075164,windows,0,2,0,1
0.1,0.1333917480807986,-1,195,50,0.0188967203130526,-0.3024130205264136,AC,3566,9825.16444634982,7264.543183989194,5140.189963716943,1,15,CB,39,1,BE,0,1,-1,0,200.0,0,INTERNET,4.503366168808097,linux,0,1,0,0
0.1,0.1290436205108186,-1,238,20,0.0136020461739748,-1.0271492574757448,AB,1019,11545.580597481516,7142.127073564517,5767.843283435665,6,10,CA,47,0,BE,1,1,30,0,200.0,0,INTERNET,3.411296205981268,linux,1,1,0,0
